<?xml version="1.0" encoding="UTF-8"?>
<?xml-stylesheet type="text/css" href="products.css"?>
<bookstore>
<book  id="p1" class="special">
  <title>Everyday Italian</title>
  <author>Giada De Laurentiis</author>
  <year>2005</year>
  <price>300</price>
</book>
<book id="p2">
  <title>Harry Potter</title>
  <author>J K. Rowling</author>
  <year>2005</year>
  <price>299</price>
</book>
 <book id="p3">
  <title>Wings Of Fire</title>
  <author> A. P. J. Abdul Kalam</author>
  <year>1999</year>
  <price>500</price>
 </book>
 <book id="p4">
 <title>Malgudi Days</title>
  <author>R. K. Narayan</author>
  <year>1995</year>
  <price>400</price>
 </book>
<book id="p5" class="special">
  <title>Learning XML</title>
  <author>Erik T. Ray</author>
  <year>2003</year>
  <price>399</price>
</book>
</bookstore>